ACCIDENT_DATE,ACCIDENT_TIME,ALCOHOLTIME,ACCIDENT_TYPE,DCA_CODE,HIT_RUN_FLAG,LIGHT_CONDITION,POLICE_ATTEND,ROAD_GEOMETRY,SEVERITY,SPEED_ZONE,LONGITUDE,LATITUDE,LGA_NAME,REGION_NAME,TOTAL_PERSONS,INJ_OR_FATAL,FATALITY,SERIOUSINJURY,OTHERINJURY,NONINJURED,MALES,FEMALES,BICYCLIST,PASSENGER,DRIVER,PEDESTRIAN,PILLION,MOTORIST,UNKNOWN,PED_CYCLIST_5_12,PED_CYCLIST_13_18,OLD_PEDESTRIAN,OLD_DRIVER,YOUNG_DRIVER,ALCOHOL_RELATED,UNLICENCSED,NO_OF_VEHICLES,HEAVYVEHICLE,PASSENGERVEHICLE,MOTORCYCLE,PUBLICVEHICLE,DEG_URBAN_NAME
1/07/2010,15.10.00,No,Vehicle overturned (no collision),OFF CARRIAGEWAY TO LEFT,No,Day,Yes,Not at intersection,Serious injury accident,100 km/hr,143.13362,-38.04627,CORANGAMITE,SOUTH WESTERN REGION,1,1,0,1,0,0,1,0,0,0,1,0,0,0,0,0,0,0,0,0,No,0,1,1,0,0,0,Country
7/07/2010,12.10.00,No,Collision with vehicle,CROSS TRAFFIC(INTERSECTIONS ONLY),No,Day,Yes,Cross intersection,Serious injury accident,100 km/hr,143.17427,-38.22874,CORANGAMITE,SOUTH WESTERN REGION,2,2,0,1,1,0,2,0,0,0,2,0,0,0,0,0,0,0,0,1,No,0,2,0,2,0,0,Country
14/07/2010,14.43.00,No,No collision and no object struck,OFF CARRIAGEWAY TO RIGHT,No,Day,Yes,Not at intersection,Other injury accident,100 km/hr,142.93246,-38.28061,CORANGAMITE,SOUTH WESTERN REGION,1,1,0,0,1,0,0,1,0,0,1,0,0,0,0,0,0,0,0,0,No,0,1,0,1,0,0,Country
14/07/2010,16.05.00,No,Collision with vehicle,CROSS TRAFFIC(INTERSECTIONS ONLY),No,Day,Yes,Cross intersection,Other injury accident,50 km/hr,143.14531,-38.23766,CORANGAMITE,SOUTH WESTERN REGION,3,3,0,0,3,0,2,1,0,1,2,0,0,0,0,0,0,0,0,0,No,0,2,0,2,0,0,Other Towns
19/07/2010,18.35.00,Yes,Vehicle overturned (no collision),OFF CARRIAGEWAY TO LEFT,No,Dark No street lights,Yes,Not at intersection,Other injury accident,100 km/hr,142.967,-38.61661,CORANGAMITE,SOUTH WESTERN REGION,1,1,0,0,1,0,1,0,0,0,1,0,0,0,0,0,0,0,0,0,No,0,1,0,1,0,0,Country
21/07/2010,12.55.00,No,Collision with vehicle,CROSS TRAFFIC(INTERSECTIONS ONLY),No,Day,Yes,Cross intersection,Other injury accident,50 km/hr,142.91952,-38.24352,CORANGAMITE,SOUTH WESTERN REGION,2,1,0,0,1,1,0,2,0,0,2,0,0,0,0,0,0,0,0,0,No,0,2,0,2,0,0,Other Towns
10/08/2010,16.30.00,No,Collision with a fixed object,OFF LEFT BEND INTO OBJECT/PARKED VEHICLE,No,Day,Yes,Not at intersection,Other injury accident,60 km/hr,142.96591,-38.48235,CORANGAMITE,SOUTH WESTERN REGION,1,1,0,0,1,0,0,1,0,0,1,0,0,0,0,0,0,0,0,0,No,0,1,0,1,0,0,Small Towns
19/08/2010,16.05.00,No,Vehicle overturned (no collision),OFF CARRIAGEWAY ON RIGHT BEND,No,Day,Yes,Not at intersection,Other injury accident,100 km/hr,143.19972,-38.45652,CORANGAMITE,SOUTH WESTERN REGION,4,4,0,0,4,0,2,2,0,3,1,0,0,0,0,0,0,0,0,0,No,0,1,0,1,0,0,Country
28/09/2010,10.15.00,No,Struck animal,STRUCK ANIMAL,No,Day,Yes,Not at intersection,Other injury accident,100 km/hr,142.9189,-38.34877,CORANGAMITE,SOUTH WESTERN REGION,1,1,0,0,1,0,0,1,0,0,1,0,0,0,0,0,0,0,0,0,No,0,1,0,1,0,0,Country
30/09/2010,19.35.00,Yes,Collision with vehicle,RIGHT NEAR (INTERSECTIONS ONLY),No,Dark Street lights on,No,T intersection,Other injury accident,50 km/hr,143.21659,-37.94496,CORANGAMITE,SOUTH WESTERN REGION,2,1,0,0,1,1,1,1,0,0,2,0,0,0,0,0,0,0,1,0,No,0,2,0,2,0,0,Small Towns
1/10/2010,16.00.00,Yes,Collision with vehicle,VEHICLE COLLIDES WITH VEHICLE PARKED ON LEFT OF ROAD,No,Day,Yes,Not at intersection,Other injury accident,60 km/hr,142.92118,-38.2355,CORANGAMITE,SOUTH WESTERN REGION,2,1,0,0,1,1,1,1,0,0,1,1,0,0,0,0,0,0,0,0,No,0,2,0,2,0,0,Other Towns
6/10/2010,14.50.00,No,Collision with a fixed object,RIGHT OFF CARRIAGEWAY INTO OBJECT/PARKED VEHICLE,No,Day,Yes,Not at intersection,Serious injury accident,100 km/hr,143.0444,-38.09645,CORANGAMITE,SOUTH WESTERN REGION,1,1,0,1,0,0,0,1,0,0,1,0,0,0,0,0,0,0,0,0,No,0,1,0,1,0,0,Country
7/10/2010,00.55.00,Yes,Vehicle overturned (no collision),OFF CARRIAGEWAY TO LEFT,No,Dark No street lights,Yes,Not at intersection,Serious injury accident,100 km/hr,142.91231,-38.3937,CORANGAMITE,SOUTH WESTERN REGION,1,1,0,1,0,0,1,0,0,0,1,0,0,0,0,0,0,0,0,0,No,0,1,1,0,0,0,Country
17/10/2010,23.30.00,Yes,Collision with a fixed object,RIGHT OFF CARRIAGEWAY INTO OBJECT/PARKED VEHICLE,No,Dark No street lights,No,Cross intersection,Serious injury accident,50 km/hr,142.91938,-38.23662,CORANGAMITE,SOUTH WESTERN REGION,2,1,0,1,0,1,2,0,0,1,1,0,0,0,0,0,0,0,0,1,No,0,1,0,1,0,0,Other Towns
20/10/2010,07.00.00,No,Vehicle overturned (no collision),OFF CARRIAGEWAY ON LEFT BEND,No,Day,Yes,Not at intersection,Other injury accident,100 km/hr,142.91958,-38.22679,CORANGAMITE,SOUTH WESTERN REGION,1,1,0,0,1,0,0,1,0,0,1,0,0,0,0,0,0,0,0,1,No,0,1,0,1,0,0,Country
29/10/2010,16.05.00,Yes,Collision with vehicle,RIGHT NEAR (INTERSECTIONS ONLY),No,Day,Yes,T intersection,Other injury accident,80 km/hr,142.95616,-38.47884,CORANGAMITE,SOUTH WESTERN REGION,3,3,0,0,3,0,0,3,0,1,2,0,0,0,0,0,0,0,0,0,No,0,2,0,2,0,0,Country
30/10/2010,02.15.00,Yes,Collision with a fixed object,RIGHT OFF CARRIAGEWAY INTO OBJECT/PARKED VEHICLE,No,Dark No street lights,Yes,Not at intersection,Fatal accident,100 km/hr,143.21015,-38.00529,CORANGAMITE,SOUTH WESTERN REGION,2,2,1,1,0,0,2,0,0,1,1,0,0,0,0,0,0,0,0,1,No,0,1,0,1,0,0,Country
1/11/2010,04.00.00,Yes,Collision with a fixed object,RIGHT OFF CARRIAGEWAY INTO OBJECT/PARKED VEHICLE,No,Dark No street lights,Yes,Not at intersection,Serious injury accident,100 km/hr,143.03965,-38.52428,CORANGAMITE,SOUTH WESTERN REGION,1,1,0,1,0,0,1,0,0,0,1,0,0,0,0,0,0,0,0,0,No,0,1,0,1,0,0,Country
8/12/2010,21.20.00,Yes,Collision with a fixed object,RIGHT OFF CARRIAGEWAY INTO OBJECT/PARKED VEHICLE,No,Dark No street lights,Yes,Not at intersection,Serious injury accident,100 km/hr,143.05515,-38.45462,CORANGAMITE,SOUTH WESTERN REGION,1,1,0,1,0,0,1,0,0,0,1,0,0,0,0,0,0,0,0,1,No,0,1,0,1,0,0,Country
9/12/2010,22.40.00,Yes,Collision with vehicle,HEAD ON(OVERTAKING),No,Dark No street lights,Yes,Not at intersection,Serious injury accident,100 km/hr,143.2395,-38.25574,CORANGAMITE,SOUTH WESTERN REGION,2,1,0,1,0,1,2,0,0,0,2,0,0,0,0,0,0,0,0,1,No,0,2,0,2,0,0,Country
11/12/2010,00.30.00,Yes,Collision with vehicle,HEAD ON (NOT OVERTAKING),No,Dark No street lights,Yes,Not at intersection,Other injury accident,100 km/hr,143.01109,-38.55961,CORANGAMITE,SOUTH WESTERN REGION,3,1,0,0,1,2,3,0,0,1,2,0,0,0,0,0,0,0,0,2,No,1,2,0,2,0,0,Country
10/01/2011,10.15.00,No,Collision with vehicle,HEAD ON (NOT OVERTAKING),No,Day,Yes,Not at intersection,Fatal accident,100 km/hr,142.92076,-38.17449,CORANGAMITE,SOUTH WESTERN REGION,3,3,1,2,0,0,3,0,0,1,2,0,0,0,0,0,0,0,0,1,No,0,2,0,2,0,0,Country
13/01/2011,07.30.00,No,Collision with a fixed object,RIGHT OFF CARRIAGEWAY INTO OBJECT/PARKED VEHICLE,No,Day,Yes,Not at intersection,Other injury accident,100 km/hr,143.03133,-38.50675,CORANGAMITE,SOUTH WESTERN REGION,4,4,0,0,4,0,4,0,0,3,1,0,0,0,0,0,0,0,0,0,No,0,1,0,1,0,0,Country
14/01/2011,14.30.00,No,Collision with vehicle,REAR END(VEHICLES IN SAME LANE),No,Day,No,Not at intersection,Other injury accident,100 km/hr,143.57618,-38.016,CORANGAMITE,SOUTH WESTERN REGION,3,2,0,0,2,1,2,1,0,1,2,0,0,0,0,0,0,0,0,2,No,0,2,0,2,0,0,Country
24/01/2011,18.00.00,Yes,Collision with vehicle,HEAD ON (NOT OVERTAKING),No,Day,Yes,Not at intersection,Serious injury accident,100 km/hr,143.07563,-38.00094,CORANGAMITE,SOUTH WESTERN REGION,3,2,0,2,0,1,1,2,0,1,2,0,0,0,0,0,0,0,0,1,No,0,2,1,1,0,0,Country
30/01/2011,12.40.00,No,Vehicle overturned (no collision),OFF CARRIAGEWAY TO RIGHT,No,Day,Yes,Not at intersection,Other injury accident,100 km/hr,143.27781,-37.94718,CORANGAMITE,SOUTH WESTERN REGION,3,1,0,0,1,2,1,2,0,2,1,0,0,0,0,0,0,0,0,0,No,0,1,0,1,0,0,Country
11/02/2011,16.18.00,Yes,Collision with a fixed object,RIGHT OFF CARRIAGEWAY INTO OBJECT/PARKED VEHICLE,No,Day,Yes,Not at intersection,Serious injury accident,100 km/hr,143.08685,-38.30123,CORANGAMITE,SOUTH WESTERN REGION,2,2,0,1,1,0,1,1,0,1,1,0,0,0,0,0,0,0,0,1,No,0,1,0,1,0,0,Country
14/02/2011,06.45.00,No,Collision with vehicle,HEAD ON (NOT OVERTAKING),No,Day,Yes,Not at intersection,Serious injury accident,80 km/hr,143.04288,-38.58196,CORANGAMITE,SOUTH WESTERN REGION,4,2,0,1,1,2,3,1,0,2,2,0,0,0,0,0,0,0,0,1,No,0,2,0,2,0,0,Country
21/02/2011,13.20.00,No,Collision with vehicle,PULLING OUT (OVERTAKING),No,Day,Yes,Not at intersection,Other injury accident,100 km/hr,143.07865,-38.54112,CORANGAMITE,SOUTH WESTERN REGION,2,1,0,0,1,1,2,0,0,0,2,0,0,0,0,0,0,0,0,0,No,0,2,1,1,0,0,Country
4/03/2011,12.50.00,No,Vehicle overturned (no collision),OFF CARRIAGEWAY ON RIGHT BEND,No,Day,Yes,Not at intersection,Other injury accident,100 km/hr,143.01132,-38.37784,CORANGAMITE,SOUTH WESTERN REGION,1,1,0,0,1,0,1,0,0,0,1,0,0,0,0,0,0,0,0,0,No,0,1,0,0,0,0,Country
5/03/2011,12.59.00,No,Collision with a fixed object,PERMANENT OBSTRUCTION ON CARRIAGEWAY,No,Day,Yes,Not at intersection,Serious injury accident,50 km/hr,143.35973,-37.68782,CORANGAMITE,SOUTH WESTERN REGION,1,1,0,1,0,0,1,0,0,0,1,0,0,0,0,0,0,0,0,0,No,0,1,0,1,0,0,Small Towns
7/03/2011,09.25.00,No,Collision with vehicle,OTHER ON PATH,No,Day,Yes,Not at intersection,Other injury accident,100 km/hr,143.5728,-38.01502,CORANGAMITE,SOUTH WESTERN REGION,3,1,0,0,1,2,3,0,0,1,2,0,0,0,0,0,0,0,0,0,No,0,2,1,1,0,0,Country
12/03/2011,18.00.00,Yes,No collision and no object struck,OFF CARRIAGEWAY TO LEFT,No,Day,Yes,Not at intersection,Other injury accident,100 km/hr,143.24739,-38.15637,CORANGAMITE,SOUTH WESTERN REGION,1,1,0,0,1,0,1,0,0,0,0,0,0,1,0,0,0,0,0,0,No,0,1,0,0,1,0,Country
13/03/2011,09.55.00,Yes,Struck Pedestrian,PED ON FOOTHPATH STRUCK BY VEHENTERING/LEAVING DRIVEWAY.,No,Day,Yes,Not at intersection,Other injury accident,Not known,142.92424,-38.2435,CORANGAMITE,SOUTH WESTERN REGION,3,1,0,0,1,2,2,1,0,1,1,1,0,0,0,0,0,0,0,0,No,0,1,0,1,0,0,Other Towns
16/03/2011,07.30.00,No,Vehicle overturned (no collision),OFF CARRIAGEWAY TO LEFT,No,Day,Yes,Not at intersection,Other injury accident,100 km/hr,143.22305,-38.46709,CORANGAMITE,SOUTH WESTERN REGION,1,1,0,0,1,0,1,0,0,0,1,0,0,0,0,0,0,0,0,0,No,0,1,1,0,0,0,Country
16/03/2011,06.45.00,No,Collision with vehicle,HEAD ON (NOT OVERTAKING),No,Dusk/Dawn,Yes,Not at intersection,Other injury accident,100 km/hr,143.08909,-38.20606,CORANGAMITE,SOUTH WESTERN REGION,2,1,0,0,1,1,2,0,0,0,2,0,0,0,0,0,0,0,0,1,No,0,2,0,2,0,0,Country
29/03/2011,11.15.00,No,Collision with a fixed object,LEFT OFF CARRIAGEWAY INTO OBJECT/PARKED VEHICLE,No,Day,Yes,Not at intersection,Serious injury accident,100 km/hr,143.3229,-37.83771,CORANGAMITE,SOUTH WESTERN REGION,2,2,0,1,1,0,1,1,0,1,1,0,0,0,0,0,0,0,0,0,No,0,1,0,1,0,0,Country
29/03/2011,15.00.00,No,Collision with vehicle,RIGHT THROUGH,No,Day,Yes,T intersection,Other injury accident,80 km/hr,143.10387,-38.66225,CORANGAMITE,SOUTH WESTERN REGION,5,3,0,0,3,2,2,2,0,3,2,0,0,0,0,0,0,0,0,1,No,0,2,0,2,0,0,Country
9/04/2011,14.30.00,Yes,Vehicle overturned (no collision),OFF CARRIAGEWAY ON RIGHT BEND,No,Day,Yes,Not at intersection,Other injury accident,100 km/hr,143.01156,-38.37753,CORANGAMITE,SOUTH WESTERN REGION,1,1,0,0,1,0,1,0,0,0,1,0,0,0,0,0,0,0,0,0,No,0,1,1,0,0,0,Country
16/04/2011,14.45.00,Yes,Vehicle overturned (no collision),OUT OF CONTROL ON CARRIAGEWAY (ON BEND),No,Day,Yes,Not at intersection,Other injury accident,100 km/hr,142.88634,-38.25989,CORANGAMITE,SOUTH WESTERN REGION,2,2,0,0,2,0,2,0,0,1,1,0,0,0,0,0,0,0,0,1,No,0,1,0,1,0,0,Country
20/04/2011,23.10.00,Yes,Collision with a fixed object,RIGHT OFF CARRIAGEWAY INTO OBJECT/PARKED VEHICLE,Yes,Dark Street lights on,Yes,Not at intersection,Other injury accident,60 km/hr,143.14597,-38.23807,CORANGAMITE,SOUTH WESTERN REGION,4,3,0,0,3,1,2,2,0,3,1,0,0,0,0,0,0,0,0,1,No,1,1,0,1,0,0,Other Towns
22/04/2011,14.30.00,No,Collision with a fixed object,LEFT OFF CARRIAGEWAY INTO OBJECT/PARKED VEHICLE,No,Day,Yes,Not at intersection,Other injury accident,100 km/hr,143.40865,-37.68005,CORANGAMITE,SOUTH WESTERN REGION,1,1,0,0,1,0,0,1,0,0,1,0,0,0,0,0,0,0,0,0,No,0,1,0,1,0,0,Country
24/04/2011,10.15.00,No,Collision with vehicle,CROSS TRAFFIC(INTERSECTIONS ONLY),No,Day,Yes,Cross intersection,Serious injury accident,100 km/hr,142.93019,-38.5686,CORANGAMITE,SOUTH WESTERN REGION,8,8,0,2,6,0,3,5,0,6,2,0,0,0,0,0,0,0,1,0,No,0,2,0,2,0,0,Country
25/04/2011,16.30.00,No,Collision with vehicle,HEAD ON (NOT OVERTAKING),No,Day,Yes,Not at intersection,Other injury accident,100 km/hr,143.14549,-38.68442,CORANGAMITE,SOUTH WESTERN REGION,8,4,0,0,4,4,4,4,0,5,3,0,0,0,0,0,0,0,0,1,No,0,3,0,3,0,0,Country
27/04/2011,01.00.00,Yes,No collision and no object struck,OFF CARRIAGEWAY ON RIGHT BEND,No,Dark No street lights,No,Not at intersection,Other injury accident,100 km/hr,142.98846,-38.21453,CORANGAMITE,SOUTH WESTERN REGION,1,1,0,0,1,0,1,0,0,0,1,0,0,0,0,0,0,0,0,0,No,0,1,1,0,0,0,Country
30/04/2011,00.20.00,Yes,Collision with a fixed object,OFF END OF ROAD/T-INTERSECTION.,No,Unk.,Yes,T intersection,Serious injury accident,100 km/hr,143.25242,-38.01188,CORANGAMITE,SOUTH WESTERN REGION,1,1,0,1,0,0,1,0,0,0,1,0,0,0,0,0,0,0,0,0,No,0,1,0,1,0,0,Country
2/05/2011,13.50.00,No,Collision with vehicle,CROSS TRAFFIC(INTERSECTIONS ONLY),No,Day,Yes,Cross intersection,Other injury accident,100 km/hr,142.93019,-38.5686,CORANGAMITE,SOUTH WESTERN REGION,3,1,0,0,1,2,3,0,0,1,2,0,0,0,0,0,0,0,1,0,No,0,2,1,1,0,0,Country
6/05/2011,08.15.00,No,Collision with a fixed object,OFF RIGHT BEND INTO OBJECT/PARKED VEHICLE,No,Day,Yes,Not at intersection,Serious injury accident,100 km/hr,143.06975,-38.45396,CORANGAMITE,SOUTH WESTERN REGION,1,1,0,1,0,0,0,1,0,0,1,0,0,0,0,0,0,0,0,0,No,0,1,0,1,0,0,Country
7/05/2011,16.30.00,Yes,Collision with a fixed object,RIGHT OFF CARRIAGEWAY INTO OBJECT/PARKED VEHICLE,No,Day,Yes,Not at intersection,Other injury accident,100 km/hr,143.03181,-38.50384,CORANGAMITE,SOUTH WESTERN REGION,2,1,0,0,1,1,1,1,0,1,1,0,0,0,0,0,0,0,0,1,No,0,1,0,1,0,0,Country
14/05/2011,19.00.00,Yes,Collision with a fixed object,OFF RIGHT BEND INTO OBJECT/PARKED VEHICLE,No,Dark No street lights,Yes,T intersection,Other injury accident,100 km/hr,142.88272,-38.55921,CORANGAMITE,SOUTH WESTERN REGION,2,2,0,0,2,0,1,1,0,1,1,0,0,0,0,0,0,0,0,0,No,0,1,0,1,0,0,Country
15/05/2011,18.40.00,Yes,Collision with vehicle,RIGHT NEAR (INTERSECTIONS ONLY),No,Dark No street lights,Yes,Multiple intersection,Serious injury accident,100 km/hr,143.39037,-37.95449,CORANGAMITE,SOUTH WESTERN REGION,3,3,0,3,0,0,2,1,0,1,2,0,0,0,0,0,0,0,0,1,No,0,2,0,2,0,0,Country
15/05/2011,15.40.00,No,No collision and no object struck,OUT OF CONTROL ON CARRIAGEWAY (ON BEND),No,Day,Yes,Not at intersection,Serious injury accident,100 km/hr,143.3561,-37.94943,CORANGAMITE,SOUTH WESTERN REGION,1,1,0,1,0,0,1,0,0,0,0,0,0,1,0,0,0,0,0,0,No,0,1,0,0,1,0,Small Towns
22/05/2011,12.40.00,No,Vehicle overturned (no collision),OFF CARRIAGEWAY ON RIGHT BEND,No,Day,Yes,Not at intersection,Other injury accident,100 km/hr,143.12367,-38.255,CORANGAMITE,SOUTH WESTERN REGION,1,1,0,0,1,0,1,0,0,0,1,0,0,0,0,0,0,0,0,0,No,0,1,0,1,0,0,Country
23/05/2011,08.35.00,No,No collision and no object struck,OFF CARRIAGEWAY TO RIGHT,No,Day,Yes,Not at intersection,Other injury accident,100 km/hr,143.17113,-38.34681,CORANGAMITE,SOUTH WESTERN REGION,1,1,0,0,1,0,1,0,0,0,1,0,0,0,0,0,0,0,0,0,No,0,1,1,0,0,0,Country
21/06/2011,11.25.00,No,Collision with vehicle,RIGHT REAR.,No,Day,Yes,Not at intersection,Fatal accident,100 km/hr,143.09798,-38.21094,CORANGAMITE,SOUTH WESTERN REGION,3,2,1,1,0,1,1,2,0,0,3,0,0,0,0,0,0,0,0,1,No,0,3,0,3,0,0,Country
24/06/2011,17.00.00,Yes,Collision with vehicle,CROSS TRAFFIC(INTERSECTIONS ONLY),No,Day,Yes,Cross intersection,Serious injury accident,100 km/hr,142.86479,-38.38855,CORANGAMITE,SOUTH WESTERN REGION,2,2,0,1,1,0,2,0,0,0,2,0,0,0,0,0,0,0,0,1,No,0,2,0,2,0,0,Country
6/07/2011,09.00.00,No,Collision with a fixed object,RIGHT OFF CARRIAGEWAY INTO OBJECT/PARKED VEHICLE,No,Day,Yes,Not at intersection,Other injury accident,100 km/hr,143.15087,-38.39488,CORANGAMITE,SOUTH WESTERN REGION,4,4,0,0,4,0,1,3,0,3,1,0,0,0,0,0,0,0,0,0,No,0,1,0,1,0,0,Country
12/07/2011,19.00.00,Yes,Vehicle overturned (no collision),OFF CARRIAGEWAY TO LEFT,No,Dark No street lights,Yes,Not at intersection,Other injury accident,100 km/hr,143.42918,-38.05955,CORANGAMITE,SOUTH WESTERN REGION,1,1,0,0,1,0,1,0,0,0,1,0,0,0,0,0,0,0,0,1,No,0,1,0,1,0,0,Country
13/07/2011,12.15.00,No,Collision with a fixed object,LEFT OFF CARRIAGEWAY INTO OBJECT/PARKED VEHICLE,No,Day,Yes,Not at intersection,Serious injury accident,100 km/hr,142.92239,-38.45348,CORANGAMITE,SOUTH WESTERN REGION,1,1,0,1,0,0,1,0,0,0,1,0,0,0,0,0,0,0,0,0,No,0,1,1,0,0,0,Country
20/07/2011,14.15.00,No,Collision with a fixed object,LEFT OFF CARRIAGEWAY INTO OBJECT/PARKED VEHICLE,No,Day,Yes,Not at intersection,Serious injury accident,Not known,143.07526,-38.2614,CORANGAMITE,SOUTH WESTERN REGION,1,1,0,1,0,0,1,0,0,0,0,0,0,0,1,0,0,0,0,0,No,0,1,0,0,0,0,Country
6/08/2011,10.00.00,No,Struck Pedestrian,PED NEAR SIDE. PED HIT BY VEHICLE FROM THE RIGHT.,No,Day,Yes,T intersection,Serious injury accident,60 km/hr,142.96632,-38.4796,CORANGAMITE,SOUTH WESTERN REGION,2,1,0,1,0,1,1,0,0,0,1,1,0,0,0,0,0,1,0,0,No,0,1,0,1,0,0,Small Towns
19/08/2011,12.05.00,No,Collision with vehicle,CROSS TRAFFIC(INTERSECTIONS ONLY),No,Day,Yes,Cross intersection,Other injury accident,50 km/hr,142.91085,-38.23915,CORANGAMITE,SOUTH WESTERN REGION,2,1,0,0,1,1,1,1,0,0,2,0,0,0,0,0,0,0,0,1,No,0,2,0,2,0,0,Other Towns
16/09/2011,15.45.00,No,Collision with vehicle,CROSS TRAFFIC(INTERSECTIONS ONLY),No,Day,Yes,Unknown,Other injury accident,60 km/hr,142.91872,-38.24008,CORANGAMITE,SOUTH WESTERN REGION,2,1,0,0,1,1,1,1,0,0,2,0,0,0,0,0,0,0,1,0,No,1,2,0,2,0,0,Other Towns